"Kode Aset";"Serial Number";"Kode Item";"Nama Aset";Spesifikasi;"Tanggal Perolehan";"Harga Beli";"Sumber Perolehan";"Kode Unit";"Nama Unit";PIC;Kondisi;Status;"Jenis KIB";"Masa Manfaat (Tahun)";"Nilai Residu";"Akumulasi Penyusutan";"Nilai Buku"
07205140001;SN-07205140001;BRG0720260356;"Keranjang Resep Plastik";;2017-01-01;10000;Beli;UNT-2026070001;AROFAH;;Baik;Aktif;B;5;0;0;10000
07205140002;SN-07205140002;BRG0720260356;"Keranjang Resep Plastik";;2017-01-01;10000;Beli;UNT-2026070001;AROFAH;;Baik;Aktif;B;5;0;0;10000
07205140003;SN-07205140003;BRG0720260356;"Keranjang Resep Plastik";;2017-01-01;10000;Beli;UNT-2026070001;AROFAH;;Baik;Aktif;B;5;0;0;10000
07205140004;SN-07205140004;BRG0720260356;"Keranjang Resep Plastik";;2017-01-01;10000;Beli;UNT-2026070001;AROFAH;;Baik;Aktif;B;5;0;0;10000
07205140005;SN-07205140005;BRG0720260356;"Keranjang Resep Plastik";;2017-01-01;10000;Beli;UNT-2026070001;AROFAH;;Baik;Aktif;B;5;0;0;10000
07205140006;SN-07205140006;BRG0720260356;"Keranjang Resep Plastik";;2017-01-01;10000;Beli;UNT-2026070001;AROFAH;;Baik;Aktif;B;5;0;0;10000
07205140007;SN-07205140007;BRG0720260356;"Keranjang Resep Plastik";;2017-01-01;10000;Beli;UNT-2026070001;AROFAH;;Baik;Aktif;B;5;0;0;10000
07207130001;SN-07207130001;BRG0720260299;Ordner;;2018-01-01;20000;Beli;UNT-2026070001;AROFAH;;Baik;Aktif;B;5;0;0;20000
07207130002;SN-07207130002;BRG0720260299;Ordner;;2018-01-01;20000;Beli;UNT-2026070001;AROFAH;;Baik;Aktif;B;5;0;0;20000
07201100001;SN-07201100001;BRG0720260206;Gayung;;2017-01-01;5000;Beli;UNT-2026070001;AROFAH;;Baik;Aktif;B;5;0;0;5000
07201090001;SN-07201090001;BRG0720260035;Ember;;2017-01-01;30000;Beli;UNT-2026070001;AROFAH;;Baik;Aktif;B;5;0;0;30000
24207030001;SN-24207030001;BRG0720260209;Gunting;;2018-01-01;10000;Beli;UNT-2026070005;Farmasi;;Baik;Aktif;B;5;0;0;10000
24207030002;SN-24207030002;BRG0720260209;Gunting;;2018-01-01;10000;Beli;UNT-2026070005;Farmasi;;Baik;Aktif;B;5;0;0;10000
24207030003;SN-24207030003;BRG0720260209;Gunting;;2018-01-01;10000;Beli;UNT-2026070005;Farmasi;;Baik;Aktif;B;5;0;0;10000
24207090101;SN-24207090101;BRG0720260388;"Staples Kecil";;2018-01-01;10000;Beli;UNT-2026070005;Farmasi;;Baik;Aktif;B;5;0;0;10000
24207090102;SN-24207090102;BRG0720260388;"Staples Kecil";;2018-01-01;10000;Beli;UNT-2026070005;Farmasi;;Baik;Aktif;B;5;0;0;10000
91202040101;SN-91202040101;BRG0720260415;Printer;"Epson L3210";2025-01-01;2700000;Beli;UNT-2026070005;Farmasi;;Baik;Aktif;B;5;0;0;2700000
10207090101;SN-10207090101;BRG0720260388;"Staples Kecil";Kenko;2018-01-01;10000;Beli;UNT-2026070010;IPRS;;Baik;Aktif;B;5;0;0;10000
10207030001;SN-10207030001;BRG0720260209;Gunting;Joyko;2018-01-01;18000;Beli;UNT-2026070010;IPRS;;Baik;Aktif;B;5;0;0;18000
11206210101;SN-11206210101;BRG0720260012;Bantal;;2018-01-01;30000;Beli;UNT-2026070013;"MADINAH 2";;Baik;Aktif;B;5;0;0;30000
11201100001;SN-11201100001;BRG0720260206;Gayung;Lionstar;2017-01-01;5000;Beli;UNT-2026070013;"MADINAH 2";;Baik;Aktif;B;5;0;0;5000
11201090001;SN-11201090001;BRG0720260035;Ember;Lionstar;2017-01-01;30000;Beli;UNT-2026070013;"MADINAH 2";;Baik;Aktif;B;5;0;0;30000
11207090101;SN-11207090101;BRG0720260388;"Staples Kecil";MaxHd;2021-01-01;10000;Beli;UNT-2026070013;"MADINAH 2";;Baik;Aktif;B;5;0;0;10000
12207090101;SN-12207090101;BRG0720260388;"Staples Kecil";Kenko;2018-01-01;10000;Beli;UNT-2026070014;"Madinah 3";;Baik;Aktif;B;5;0;0;10000
12201090001;SN-12201090001;BRG0720260035;Ember;Lionstar;2018-01-01;30000;Beli;UNT-2026070014;"Madinah 3";;Baik;Aktif;B;5;0;0;30000
12201100001;SN-12201100001;BRG0720260206;Gayung;Lionstar;2018-01-01;5000;Beli;UNT-2026070014;"Madinah 3";;Baik;Aktif;B;5;0;0;5000
12205030001;SN-12205030001;BRG0720260436;"Kotak Tisu Kecil";;2018-01-01;10000;Beli;UNT-2026070014;"Madinah 3";;Baik;Aktif;B;5;0;0;10000
16207090101;SN-16207090101;BRG0720260388;"Staples Kecil";Kenko;2018-01-01;10000;Beli;UNT-2026070016;MARWA;;Baik;Aktif;B;5;0;0;10000
16206210201;SN-16206210201;BRG0720260012;Bantal;;2018-01-01;35000;Beli;UNT-2026070016;MARWA;;Baik;Aktif;B;5;0;0;35000
17207090101;SN-17207090101;BRG0720260388;"Staples Kecil";Kenko;2018-01-01;10000;Beli;UNT-2026070017;Multazam;;Baik;Aktif;B;5;0;0;10000
17206210201;SN-17206210201;BRG0720260012;Bantal;;2018-01-01;35000;Beli;UNT-2026070017;Multazam;;Baik;Aktif;B;5;0;0;35000
13207050201;SN-13207050201;BRG0720260388;"Staples Kecil";;2018-01-01;100000;Beli;UNT-2026070018;"MUSDALIFAH (PICUNICU)";;Baik;Aktif;B;5;0;0;100000
13207030001;SN-13207030001;BRG0720260209;Gunting;Kenko;2018-01-01;10000;Beli;UNT-2026070018;"MUSDALIFAH (PICUNICU)";;Baik;Aktif;B;5;0;0;10000
09207090101;SN-09207090101;BRG0720260388;"Staples Kecil";Kenko;2018-01-01;10000;Beli;UNT-2026070019;"OK (Kamar Operasi)";;Baik;Aktif;B;5;0;0;10000
09207090102;SN-09207090102;BRG0720260388;"Staples Kecil";Kenko;2018-01-01;10000;Beli;UNT-2026070019;"OK (Kamar Operasi)";;Baik;Aktif;B;5;0;0;10000
09202040001;SN-09202040001;BRG0720260415;Printer;"Epson L121";2024-01-01;1200000;Beli;UNT-2026070019;"OK (Kamar Operasi)";;Baik;Aktif;B;5;0;0;1200000
09202040002;SN-09202040002;BRG0720260415;Printer;"Epson L121";2024-01-01;1200000;Beli;UNT-2026070019;"OK (Kamar Operasi)";;Baik;Aktif;B;5;0;0;1200000
09202040003;SN-09202040003;BRG0720260415;Printer;"Epson L121";2024-01-01;1200000;Beli;UNT-2026070019;"OK (Kamar Operasi)";;Baik;Aktif;B;5;0;0;1200000
09202030002-02;SN-09202030002-02;BRG0720260405;"Monitor (Surat Kontrol)";;2022-01-01;1100000;Beli;UNT-2026070019;"OK (Kamar Operasi)";;Baik;Aktif;B;5;0;0;1100000
14207090101;SN-14207090101;BRG0720260388;"Staples Kecil";Beli;2017-01-01;10000;Beli;UNT-2026070020;PENDAFTARAN;;Baik;Aktif;B;5;0;0;10000
14206210101;SN-14206210101;BRG0720260012;Bantal;Beli;2018-01-01;100000;Beli;UNT-2026070020;PENDAFTARAN;;Baik;Aktif;B;5;0;0;100000
94206210101;SN-94206210101;BRG0720260012;Bantal;Beli;2018-01-01;50000;Beli;UNT-2026070023;Radiologi;;Baik;Aktif;B;5;0;0;50000
82206380001;SN-82206380001;BRG0720260280;Lampu;;2018-01-01;105000;Beli;UNT-2026070005;Farmasi;;Baik;Aktif;B;5;0;0;105000
122206380001;SN-122206380001;BRG0720260280;Lampu;;2018-01-01;105000;Beli;UNT-2026070002;"AULA ";;Baik;Aktif;B;5;0;0;105000
84201090001;SN-84201090001;BRG0720260035;Ember;;2018-01-01;30000;Beli;UNT-2026070005;Farmasi;;Baik;Aktif;B;5;0;0;30000
84201100001;SN-84201100001;BRG0720260206;Gayung;;2018-01-01;5000;Beli;UNT-2026070005;Farmasi;;Baik;Aktif;B;5;0;0;5000
137201090001;SN-137201090001;BRG0720260035;Ember;;2025-01-01;35000;Beli;UNT-2026070005;Farmasi;;Baik;Aktif;B;5;0;0;35000
137201100001;SN-137201100001;BRG0720260206;Gayung;;2025-01-01;10000;Beli;UNT-2026070005;Farmasi;;Baik;Aktif;B;5;0;0;10000
137201090001-02;SN-137201090001-02;BRG0720260035;Ember;;2025-01-01;35000;Beli;UNT-2026070005;Farmasi;;Baik;Aktif;B;5;0;0;35000
137201100001-02;SN-137201100001-02;BRG0720260206;Gayung;;2025-01-01;10000;Beli;UNT-2026070005;Farmasi;;Baik;Aktif;B;5;0;0;10000
137201090001-03;SN-137201090001-03;BRG0720260035;Ember;;2025-01-01;35000;Beli;UNT-2026070005;Farmasi;;Baik;Aktif;B;5;0;0;35000
137201100001-03;SN-137201100001-03;BRG0720260206;Gayung;;2025-01-01;10000;Beli;UNT-2026070005;Farmasi;;Baik;Aktif;B;5;0;0;10000
137201090001-04;SN-137201090001-04;BRG0720260035;Ember;;2025-01-01;35000;Beli;UNT-2026070005;Farmasi;;Baik;Aktif;B;5;0;0;35000
137201100001-04;SN-137201100001-04;BRG0720260206;Gayung;;2025-01-01;10000;Beli;UNT-2026070005;Farmasi;;Baik;Aktif;B;5;0;0;10000
137201090001-05;SN-137201090001-05;BRG0720260035;Ember;;2025-01-01;35000;Beli;UNT-2026070005;Farmasi;;Baik;Aktif;B;5;0;0;35000
137201100001-05;SN-137201100001-05;BRG0720260206;Gayung;;2025-01-01;10000;Beli;UNT-2026070005;Farmasi;;Baik;Aktif;B;5;0;0;10000
01201030201-02;SN-01201030201-02;BRG0720260249;"Keset Kaki Handuk";;2018-01-01;15000;Beli;UNT-2026070002;"AULA ";;Baik;Aktif;B;5;0;0;15000
01201030202-02;SN-01201030202-02;BRG0720260249;"Keset Kaki Handuk";;2018-01-01;15000;Beli;UNT-2026070002;"AULA ";;Baik;Aktif;B;5;0;0;15000
01201030203-02;SN-01201030203-02;BRG0720260249;"Keset Kaki Handuk";;2018-01-01;15000;Beli;UNT-2026070002;"AULA ";;Baik;Aktif;B;5;0;0;15000
01201030204-02;SN-01201030204-02;BRG0720260249;"Keset Kaki Handuk";;2018-01-01;15000;Beli;UNT-2026070002;"AULA ";;Baik;Aktif;B;5;0;0;15000
01201030205-02;SN-01201030205-02;BRG0720260249;"Keset Kaki Handuk";;2018-01-01;15000;Beli;UNT-2026070002;"AULA ";;Baik;Aktif;B;5;0;0;15000
01201030206-02;SN-01201030206-02;BRG0720260249;"Keset Kaki Handuk";;2018-01-01;15000;Beli;UNT-2026070002;"AULA ";;Baik;Aktif;B;5;0;0;15000
01201030207-02;SN-01201030207-02;BRG0720260249;"Keset Kaki Handuk";;2018-01-01;15000;Beli;UNT-2026070002;"AULA ";;Baik;Aktif;B;5;0;0;15000
01201030208-02;SN-01201030208-02;BRG0720260249;"Keset Kaki Handuk";;2018-01-01;15000;Beli;UNT-2026070002;"AULA ";;Baik;Aktif;B;5;0;0;15000
01201030209-02;SN-01201030209-02;BRG0720260249;"Keset Kaki Handuk";;2018-01-01;15000;Beli;UNT-2026070002;"AULA ";;Baik;Aktif;B;5;0;0;15000
01201030210-02;SN-01201030210-02;BRG0720260249;"Keset Kaki Handuk";;2018-01-01;15000;Beli;UNT-2026070002;"AULA ";;Baik;Aktif;B;5;0;0;15000
01201030211-02;SN-01201030211-02;BRG0720260249;"Keset Kaki Handuk";;2018-01-01;15000;Beli;UNT-2026070002;"AULA ";;Baik;Aktif;B;5;0;0;15000
01201030212-02;SN-01201030212-02;BRG0720260249;"Keset Kaki Handuk";;2018-01-01;15000;Beli;UNT-2026070002;"AULA ";;Baik;Aktif;B;5;0;0;15000
01201030213-02;SN-01201030213-02;BRG0720260249;"Keset Kaki Handuk";;2018-01-01;15000;Beli;UNT-2026070002;"AULA ";;Baik;Aktif;B;5;0;0;15000
01201030214-02;SN-01201030214-02;BRG0720260249;"Keset Kaki Handuk";;2018-01-01;15000;Beli;UNT-2026070002;"AULA ";;Baik;Aktif;B;5;0;0;15000
01201030215-02;SN-01201030215-02;BRG0720260249;"Keset Kaki Handuk";;2018-01-01;15000;Beli;UNT-2026070002;"AULA ";;Baik;Aktif;B;5;0;0;15000
01201030216-02;SN-01201030216-02;BRG0720260249;"Keset Kaki Handuk";;2018-01-01;15000;Beli;UNT-2026070002;"AULA ";;Baik;Aktif;B;5;0;0;15000
01201030217-02;SN-01201030217-02;BRG0720260249;"Keset Kaki Handuk";;2018-01-01;15000;Beli;UNT-2026070002;"AULA ";;Baik;Aktif;B;5;0;0;15000
01201030218-02;SN-01201030218-02;BRG0720260249;"Keset Kaki Handuk";;2018-01-01;15000;Beli;UNT-2026070002;"AULA ";;Baik;Aktif;B;5;0;0;15000
01201030219-02;SN-01201030219-02;BRG0720260249;"Keset Kaki Handuk";;2018-01-01;15000;Beli;UNT-2026070002;"AULA ";;Baik;Aktif;B;5;0;0;15000
01201030220-02;SN-01201030220-02;BRG0720260249;"Keset Kaki Handuk";;2018-01-01;15000;Beli;UNT-2026070002;"AULA ";;Baik;Aktif;B;5;0;0;15000
01201030221-02;SN-01201030221-02;BRG0720260249;"Keset Kaki Handuk";;2018-01-01;15000;Beli;UNT-2026070002;"AULA ";;Baik;Aktif;B;5;0;0;15000
01201030222-02;SN-01201030222-02;BRG0720260249;"Keset Kaki Handuk";;2018-01-01;15000;Beli;UNT-2026070002;"AULA ";;Baik;Aktif;B;5;0;0;15000
01201030223-02;SN-01201030223-02;BRG0720260249;"Keset Kaki Handuk";;2018-01-01;15000;Beli;UNT-2026070002;"AULA ";;Baik;Aktif;B;5;0;0;15000
01201030224-02;SN-01201030224-02;BRG0720260249;"Keset Kaki Handuk";;2018-01-01;15000;Beli;UNT-2026070002;"AULA ";;Baik;Aktif;B;5;0;0;15000
01201030225-02;SN-01201030225-02;BRG0720260249;"Keset Kaki Handuk";;2018-01-01;15000;Beli;UNT-2026070002;"AULA ";;Baik;Aktif;B;5;0;0;15000
01201030226-02;SN-01201030226-02;BRG0720260249;"Keset Kaki Handuk";;2018-01-01;15000;Beli;UNT-2026070002;"AULA ";;Baik;Aktif;B;5;0;0;15000
01201030227-02;SN-01201030227-02;BRG0720260249;"Keset Kaki Handuk";;2018-01-01;15000;Beli;UNT-2026070002;"AULA ";;Baik;Aktif;B;5;0;0;15000
01201030228-02;SN-01201030228-02;BRG0720260249;"Keset Kaki Handuk";;2018-01-01;15000;Beli;UNT-2026070002;"AULA ";;Baik;Aktif;B;5;0;0;15000
01201030229-02;SN-01201030229-02;BRG0720260249;"Keset Kaki Handuk";;2018-01-01;15000;Beli;UNT-2026070002;"AULA ";;Baik;Aktif;B;5;0;0;15000
01201030230-02;SN-01201030230-02;BRG0720260249;"Keset Kaki Handuk";;2018-01-01;15000;Beli;UNT-2026070002;"AULA ";;Baik;Aktif;B;5;0;0;15000
01201030231-02;SN-01201030231-02;BRG0720260249;"Keset Kaki Handuk";;2018-01-01;15000;Beli;UNT-2026070002;"AULA ";;Baik;Aktif;B;5;0;0;15000
01201030232-02;SN-01201030232-02;BRG0720260249;"Keset Kaki Handuk";;2018-01-01;15000;Beli;UNT-2026070002;"AULA ";;Baik;Aktif;B;5;0;0;15000
01201030233-02;SN-01201030233-02;BRG0720260249;"Keset Kaki Handuk";;2018-01-01;15000;Beli;UNT-2026070002;"AULA ";;Baik;Aktif;B;5;0;0;15000
01201030234-02;SN-01201030234-02;BRG0720260249;"Keset Kaki Handuk";;2018-01-01;15000;Beli;UNT-2026070002;"AULA ";;Baik;Aktif;B;5;0;0;15000
01201030235-02;SN-01201030235-02;BRG0720260249;"Keset Kaki Handuk";;2018-01-01;15000;Beli;UNT-2026070002;"AULA ";;Baik;Aktif;B;5;0;0;15000
01201030236-02;SN-01201030236-02;BRG0720260249;"Keset Kaki Handuk";;2018-01-01;15000;Beli;UNT-2026070002;"AULA ";;Baik;Aktif;B;5;0;0;15000
01201030237-02;SN-01201030237-02;BRG0720260249;"Keset Kaki Handuk";;2018-01-01;15000;Beli;UNT-2026070002;"AULA ";;Baik;Aktif;B;5;0;0;15000
01201030238-02;SN-01201030238-02;BRG0720260249;"Keset Kaki Handuk";;2018-01-01;15000;Beli;UNT-2026070002;"AULA ";;Baik;Aktif;B;5;0;0;15000
01201030239-02;SN-01201030239-02;BRG0720260249;"Keset Kaki Handuk";;2018-01-01;15000;Beli;UNT-2026070002;"AULA ";;Baik;Aktif;B;5;0;0;15000
01201030240-02;SN-01201030240-02;BRG0720260249;"Keset Kaki Handuk";;2018-01-01;15000;Beli;UNT-2026070002;"AULA ";;Baik;Aktif;B;5;0;0;15000
01201030241-02;SN-01201030241-02;BRG0720260249;"Keset Kaki Handuk";;2018-01-01;15000;Beli;UNT-2026070002;"AULA ";;Baik;Aktif;B;5;0;0;15000
01201030242-02;SN-01201030242-02;BRG0720260249;"Keset Kaki Handuk";;2018-01-01;15000;Beli;UNT-2026070002;"AULA ";;Baik;Aktif;B;5;0;0;15000
01201030243-02;SN-01201030243-02;BRG0720260249;"Keset Kaki Handuk";;2018-01-01;15000;Beli;UNT-2026070002;"AULA ";;Baik;Aktif;B;5;0;0;15000
01201030244-02;SN-01201030244-02;BRG0720260249;"Keset Kaki Handuk";;2018-01-01;15000;Beli;UNT-2026070002;"AULA ";;Baik;Aktif;B;5;0;0;15000
01201030245-02;SN-01201030245-02;BRG0720260249;"Keset Kaki Handuk";;2018-01-01;15000;Beli;UNT-2026070002;"AULA ";;Baik;Aktif;B;5;0;0;15000
01201030246-02;SN-01201030246-02;BRG0720260249;"Keset Kaki Handuk";;2018-01-01;15000;Beli;UNT-2026070002;"AULA ";;Baik;Aktif;B;5;0;0;15000
01201030247-02;SN-01201030247-02;BRG0720260249;"Keset Kaki Handuk";;2018-01-01;15000;Beli;UNT-2026070002;"AULA ";;Baik;Aktif;B;5;0;0;15000
01201030248-02;SN-01201030248-02;BRG0720260249;"Keset Kaki Handuk";;2018-01-01;15000;Beli;UNT-2026070002;"AULA ";;Baik;Aktif;B;5;0;0;15000
01201030249-02;SN-01201030249-02;BRG0720260249;"Keset Kaki Handuk";;2018-01-01;15000;Beli;UNT-2026070002;"AULA ";;Baik;Aktif;B;5;0;0;15000
01201030250-02;SN-01201030250-02;BRG0720260249;"Keset Kaki Handuk";;2018-01-01;15000;Beli;UNT-2026070002;"AULA ";;Baik;Aktif;B;5;0;0;15000
01201030251-02;SN-01201030251-02;BRG0720260249;"Keset Kaki Handuk";;2018-01-01;15000;Beli;UNT-2026070002;"AULA ";;Baik;Aktif;B;5;0;0;15000
01201030252-02;SN-01201030252-02;BRG0720260249;"Keset Kaki Handuk";;2018-01-01;15000;Beli;UNT-2026070002;"AULA ";;Baik;Aktif;B;5;0;0;15000
01201030253-02;SN-01201030253-02;BRG0720260249;"Keset Kaki Handuk";;2018-01-01;15000;Beli;UNT-2026070002;"AULA ";;Baik;Aktif;B;5;0;0;15000
01201030254-02;SN-01201030254-02;BRG0720260249;"Keset Kaki Handuk";;2018-01-01;15000;Beli;UNT-2026070002;"AULA ";;Baik;Aktif;B;5;0;0;15000
01201030255-02;SN-01201030255-02;BRG0720260249;"Keset Kaki Handuk";;2018-01-01;15000;Beli;UNT-2026070002;"AULA ";;Baik;Aktif;B;5;0;0;15000
01201030256-02;SN-01201030256-02;BRG0720260249;"Keset Kaki Handuk";;2018-01-01;15000;Beli;UNT-2026070002;"AULA ";;Baik;Aktif;B;5;0;0;15000
01201030257-02;SN-01201030257-02;BRG0720260249;"Keset Kaki Handuk";;2018-01-01;15000;Beli;UNT-2026070002;"AULA ";;Baik;Aktif;B;5;0;0;15000
01201030258-02;SN-01201030258-02;BRG0720260249;"Keset Kaki Handuk";;2018-01-01;15000;Beli;UNT-2026070002;"AULA ";;Baik;Aktif;B;5;0;0;15000
01201030259-02;SN-01201030259-02;BRG0720260249;"Keset Kaki Handuk";;2018-01-01;15000;Beli;UNT-2026070002;"AULA ";;Baik;Aktif;B;5;0;0;15000
01201030260-02;SN-01201030260-02;BRG0720260249;"Keset Kaki Handuk";;2018-01-01;15000;Beli;UNT-2026070002;"AULA ";;Baik;Aktif;B;5;0;0;15000
01201030261-02;SN-01201030261-02;BRG0720260249;"Keset Kaki Handuk";;2018-01-01;15000;Beli;UNT-2026070002;"AULA ";;Baik;Aktif;B;5;0;0;15000
01201030262-02;SN-01201030262-02;BRG0720260249;"Keset Kaki Handuk";;2018-01-01;15000;Beli;UNT-2026070002;"AULA ";;Baik;Aktif;B;5;0;0;15000
01201030263-02;SN-01201030263-02;BRG0720260249;"Keset Kaki Handuk";;2018-01-01;15000;Beli;UNT-2026070002;"AULA ";;Baik;Aktif;B;5;0;0;15000
01201030264-02;SN-01201030264-02;BRG0720260249;"Keset Kaki Handuk";;2018-01-01;15000;Beli;UNT-2026070002;"AULA ";;Baik;Aktif;B;5;0;0;15000
01201030265-02;SN-01201030265-02;BRG0720260249;"Keset Kaki Handuk";;2018-01-01;15000;Beli;UNT-2026070002;"AULA ";;Baik;Aktif;B;5;0;0;15000
01201030266-02;SN-01201030266-02;BRG0720260249;"Keset Kaki Handuk";;2018-01-01;15000;Beli;UNT-2026070002;"AULA ";;Baik;Aktif;B;5;0;0;15000
01201030267;SN-01201030267;BRG0720260249;"Keset Kaki Handuk";;2018-01-01;15000;Beli;UNT-2026070002;"AULA ";;Baik;Aktif;B;5;0;0;15000
01201030268;SN-01201030268;BRG0720260249;"Keset Kaki Handuk";;2018-01-01;15000;Beli;UNT-2026070002;"AULA ";;Baik;Aktif;B;5;0;0;15000
01201030269;SN-01201030269;BRG0720260249;"Keset Kaki Handuk";;2018-01-01;15000;Beli;UNT-2026070002;"AULA ";;Baik;Aktif;B;5;0;0;15000
01201030270;SN-01201030270;BRG0720260249;"Keset Kaki Handuk";;2018-01-01;15000;Beli;UNT-2026070002;"AULA ";;Baik;Aktif;B;5;0;0;15000
01201030101-02;SN-01201030101-02;BRG0720260249;"Keset Kaki Tebal";;2018-01-01;20000;Beli;UNT-2026070002;"AULA ";;Baik;Aktif;B;5;0;0;20000
01201030102-02;SN-01201030102-02;BRG0720260249;"Keset Kaki Tebal";;2018-01-01;20000;Beli;UNT-2026070002;"AULA ";;Baik;Aktif;B;5;0;0;20000
01201030103-02;SN-01201030103-02;BRG0720260249;"Keset Kaki Tebal";;2018-01-01;20000;Beli;UNT-2026070002;"AULA ";;Baik;Aktif;B;5;0;0;20000
01201030104-02;SN-01201030104-02;BRG0720260249;"Keset Kaki Tebal";;2018-01-01;20000;Beli;UNT-2026070002;"AULA ";;Baik;Aktif;B;5;0;0;20000
01201030105-02;SN-01201030105-02;BRG0720260249;"Keset Kaki Tebal";;2018-01-01;20000;Beli;UNT-2026070002;"AULA ";;Baik;Aktif;B;5;0;0;20000
01201030106-02;SN-01201030106-02;BRG0720260249;"Keset Kaki Tebal";;2018-01-01;20000;Beli;UNT-2026070002;"AULA ";;Baik;Aktif;B;5;0;0;20000
01201030107-02;SN-01201030107-02;BRG0720260249;"Keset Kaki Tebal";;2018-01-01;20000;Beli;UNT-2026070002;"AULA ";;Baik;Aktif;B;5;0;0;20000
01201030108-02;SN-01201030108-02;BRG0720260249;"Keset Kaki Tebal";;2018-01-01;20000;Beli;UNT-2026070002;"AULA ";;Baik;Aktif;B;5;0;0;20000
01201030109-02;SN-01201030109-02;BRG0720260249;"Keset Kaki Tebal";;2018-01-01;20000;Beli;UNT-2026070002;"AULA ";;Baik;Aktif;B;5;0;0;20000
01201030110-02;SN-01201030110-02;BRG0720260249;"Keset Kaki Tebal";;2018-01-01;20000;Beli;UNT-2026070002;"AULA ";;Baik;Aktif;B;5;0;0;20000
01201030111-02;SN-01201030111-02;BRG0720260249;"Keset Kaki Tebal";;2018-01-01;20000;Beli;UNT-2026070002;"AULA ";;Baik;Aktif;B;5;0;0;20000
01201030112-02;SN-01201030112-02;BRG0720260249;"Keset Kaki Tebal";;2018-01-01;20000;Beli;UNT-2026070002;"AULA ";;Baik;Aktif;B;5;0;0;20000
01201030113-02;SN-01201030113-02;BRG0720260249;"Keset Kaki Tebal";;2018-01-01;20000;Beli;UNT-2026070002;"AULA ";;Baik;Aktif;B;5;0;0;20000
01201030114-02;SN-01201030114-02;BRG0720260249;"Keset Kaki Tebal";;2018-01-01;20000;Beli;UNT-2026070002;"AULA ";;Baik;Aktif;B;5;0;0;20000
01201030115-02;SN-01201030115-02;BRG0720260249;"Keset Kaki Tebal";;2018-01-01;20000;Beli;UNT-2026070002;"AULA ";;Baik;Aktif;B;5;0;0;20000
010201050001-02;SN-010201050001-02;BRG0720260249;"Sapu Keset";;2018-01-01;30000;Beli;UNT-2026070002;"AULA ";;Baik;Aktif;B;5;0;0;30000
010201050002-02;SN-010201050002-02;BRG0720260249;"Sapu Keset";;2018-01-01;30000;Beli;UNT-2026070002;"AULA ";;Baik;Aktif;B;5;0;0;30000
010201050003-02;SN-010201050003-02;BRG0720260249;"Sapu Keset";;2018-01-01;30000;Beli;UNT-2026070002;"AULA ";;Baik;Aktif;B;5;0;0;30000
010201050004-02;SN-010201050004-02;BRG0720260249;"Sapu Keset";;2018-01-01;30000;Beli;UNT-2026070002;"AULA ";;Baik;Aktif;B;5;0;0;30000
010201050005-02;SN-010201050005-02;BRG0720260249;"Sapu Keset";;2018-01-01;30000;Beli;UNT-2026070002;"AULA ";;Baik;Aktif;B;5;0;0;30000
010201050006-02;SN-010201050006-02;BRG0720260249;"Sapu Keset";;2018-01-01;30000;Beli;UNT-2026070002;"AULA ";;Baik;Aktif;B;5;0;0;30000
010201130001-02;SN-010201130001-02;BRG0720260375;"Sikat Cuci";Nagoya;2018-01-01;10000;Beli;UNT-2026070002;"AULA ";;Baik;Aktif;B;5;0;0;10000
010201130002-02;SN-010201130002-02;BRG0720260375;"Sikat Cuci";Nagoya;2018-01-01;10000;Beli;UNT-2026070002;"AULA ";;Baik;Aktif;B;5;0;0;10000
010201130003-02;SN-010201130003-02;BRG0720260375;"Sikat Cuci";Nagoya;2018-01-01;10000;Beli;UNT-2026070002;"AULA ";;Baik;Aktif;B;5;0;0;10000
010201130004-02;SN-010201130004-02;BRG0720260375;"Sikat Cuci";Nagoya;2018-01-01;10000;Beli;UNT-2026070002;"AULA ";;Baik;Aktif;B;5;0;0;10000
010201130005;SN-010201130005;BRG0720260375;"Sikat Cuci";Nagoya;2018-01-01;10000;Beli;UNT-2026070002;"AULA ";;Baik;Aktif;B;5;0;0;10000
010201130006;SN-010201130006;BRG0720260375;"Sikat Cuci";Nagoya;2018-01-01;10000;Beli;UNT-2026070002;"AULA ";;Baik;Aktif;B;5;0;0;10000
010201160001-02;SN-010201160001-02;BRG0720260228;Kanebo;;2018-01-01;20000;Beli;UNT-2026070002;"AULA ";;"Rusak Ringan";Aktif;B;5;0;0;20000
010201160002-02;SN-010201160002-02;BRG0720260228;Kanebo;;2018-01-01;20000;Beli;UNT-2026070002;"AULA ";;"Rusak Ringan";Aktif;B;5;0;0;20000
010201160003-02;SN-010201160003-02;BRG0720260228;Kanebo;;2018-01-01;20000;Beli;UNT-2026070002;"AULA ";;"Rusak Ringan";Aktif;B;5;0;0;20000
010201160004-02;SN-010201160004-02;BRG0720260228;Kanebo;;2018-01-01;20000;Beli;UNT-2026070002;"AULA ";;"Rusak Ringan";Aktif;B;5;0;0;20000
010201160005-02;SN-010201160005-02;BRG0720260228;Kanebo;;2018-01-01;20000;Beli;UNT-2026070002;"AULA ";;"Rusak Ringan";Aktif;B;5;0;0;20000
010201160006-02;SN-010201160006-02;BRG0720260228;Kanebo;;2018-01-01;20000;Beli;UNT-2026070002;"AULA ";;"Rusak Ringan";Aktif;B;5;0;0;20000
010201270001;SN-010201270001;BRG0720260369;"Sapu Sawang";Nagoya;2018-01-01;30000;Beli;UNT-2026070002;"AULA ";;"Rusak Ringan";Aktif;B;5;0;0;30000
010201270002;SN-010201270002;BRG0720260369;"Sapu Sawang";Nagoya;2018-01-01;30000;Beli;UNT-2026070002;"AULA ";;"Rusak Ringan";Aktif;B;5;0;0;30000
010201270003;SN-010201270003;BRG0720260369;"Sapu Sawang";Nagoya;2018-01-01;30000;Beli;UNT-2026070002;"AULA ";;"Rusak Ringan";Aktif;B;5;0;0;30000
01201330001;SN-01201330001;BRG0720260209;"Gunting Taman";;2022-01-01;75000;Beli;UNT-2026070002;"AULA ";;Baik;Aktif;B;5;0;0;75000
92202040401;SN-92202040401;BRG0720260415;Printer;"Epson L121";2023-01-01;1850000;Beli;UNT-2026070002;"AULA ";;Baik;Aktif;B;5;0;0;1850000
92204020001;SN-92204020001;BRG0720260433;Meja;;2025-01-01;900000;Beli;UNT-2026070002;"AULA ";;Baik;Aktif;B;5;0;0;900000
92204020002;SN-92204020002;BRG0720260433;Meja;;2025-01-01;900000;Beli;UNT-2026070002;"AULA ";;Baik;Aktif;B;5;0;0;900000
92204020003;SN-92204020003;BRG0720260433;Meja;;2025-01-01;900000;Beli;UNT-2026070002;"AULA ";;Baik;Aktif;B;5;0;0;900000
AST-005BRG0720260433-02614-01;SN-AST-005BRG0720260433-02614-01;BRG0720260433;Meja;;2019-01-01;0;Beli;UNT-2026070005;Farmasi;;Baik;Aktif;B;5;0;0;0
05204080001;SN-05204080001;BRG0720260433;Meja;;2019-01-01;0;Beli;UNT-2026070005;Farmasi;;Baik;Aktif;B;5;0;0;0
05204080001-02;SN-05204080001-02;BRG0720260433;Meja;;2019-01-01;0;Beli;UNT-2026070005;Farmasi;;Baik;Aktif;B;5;0;0;0
05202040101;SN-05202040101;BRG0720260415;Printer;"Epson L3210";2023-01-01;2450000;Beli;UNT-2026070005;Farmasi;;Baik;Aktif;B;5;0;0;2450000
111206210201;SN-111206210201;BRG0720260012;Bantal;"Informa Marshmallow";2023-01-01;60000;Beli;UNT-2026070002;"AULA ";;Baik;Aktif;B;5;0;0;60000
111206210202;SN-111206210202;BRG0720260012;Bantal;"Informa Marshmallow";2023-01-01;60000;Beli;UNT-2026070002;"AULA ";;Baik;Aktif;B;5;0;0;60000
111201030101;SN-111201030101;BRG0720260249;"Keset Coklat";Informa;2023-01-01;60000;Beli;UNT-2026070002;"AULA ";;Baik;Aktif;B;5;0;0;60000
111201090001;SN-111201090001;BRG0720260035;Ember;;2023-01-01;35000;Beli;UNT-2026070002;"AULA ";;Baik;Aktif;B;5;0;0;35000
111201100001;SN-111201100001;BRG0720260206;Gayung;;2023-01-01;10000;Beli;UNT-2026070002;"AULA ";;Baik;Aktif;B;5;0;0;10000
112206210201;SN-112206210201;BRG0720260012;Bantal;"Informa Marshmallow";2023-01-01;60000;Beli;UNT-2026070002;"AULA ";;Baik;Aktif;B;5;0;0;60000
112206210202;SN-112206210202;BRG0720260012;Bantal;"Informa Marshmallow";2023-01-01;60000;Beli;UNT-2026070002;"AULA ";;Baik;Aktif;B;5;0;0;60000
112201030101;SN-112201030101;BRG0720260249;"Keset Coklat";Informa;2023-01-01;60000;Beli;UNT-2026070002;"AULA ";;Baik;Aktif;B;5;0;0;60000
112201090001;SN-112201090001;BRG0720260035;Ember;;2023-01-01;35000;Beli;UNT-2026070002;"AULA ";;Baik;Aktif;B;5;0;0;35000
112201100001;SN-112201100001;BRG0720260206;Gayung;;2023-01-01;10000;Beli;UNT-2026070002;"AULA ";;Baik;Aktif;B;5;0;0;10000
113206210201;SN-113206210201;BRG0720260012;Bantal;"Informa Marshmallow";2023-01-01;60000;Beli;UNT-2026070002;"AULA ";;Baik;Aktif;B;5;0;0;60000
113206210202;SN-113206210202;BRG0720260012;Bantal;"Informa Marshmallow";2023-01-01;60000;Beli;UNT-2026070002;"AULA ";;Baik;Aktif;B;5;0;0;60000
113201030101;SN-113201030101;BRG0720260249;"Keset Coklat";Informa;2023-01-01;60000;Beli;UNT-2026070002;"AULA ";;Baik;Aktif;B;5;0;0;60000
113201090001;SN-113201090001;BRG0720260035;Ember;;2023-01-01;35000;Beli;UNT-2026070002;"AULA ";;Baik;Aktif;B;5;0;0;35000
113201100001;SN-113201100001;BRG0720260206;Gayung;;2023-01-01;10000;Beli;UNT-2026070002;"AULA ";;Baik;Aktif;B;5;0;0;10000
114206210201;SN-114206210201;BRG0720260012;Bantal;"Informa Marshmallow";2023-01-01;60000;Beli;UNT-2026070002;"AULA ";;Baik;Aktif;B;5;0;0;60000
114206210202;SN-114206210202;BRG0720260012;Bantal;"Informa Marshmallow";2023-01-01;60000;Beli;UNT-2026070002;"AULA ";;Baik;Aktif;B;5;0;0;60000
114201030101;SN-114201030101;BRG0720260249;"Keset Coklat";Informa;2023-01-01;60000;Beli;UNT-2026070002;"AULA ";;Baik;Aktif;B;5;0;0;60000
114201090001;SN-114201090001;BRG0720260035;Ember;;2023-01-01;35000;Beli;UNT-2026070002;"AULA ";;Baik;Aktif;B;5;0;0;35000
114201100001;SN-114201100001;BRG0720260206;Gayung;;2023-01-01;10000;Beli;UNT-2026070002;"AULA ";;Baik;Aktif;B;5;0;0;10000
115206210201;SN-115206210201;BRG0720260012;Bantal;"Informa Marshmallow";2023-01-01;60000;Beli;UNT-2026070002;"AULA ";;Baik;Aktif;B;5;0;0;60000
115206210202;SN-115206210202;BRG0720260012;Bantal;"Informa Marshmallow";2023-01-01;60000;Beli;UNT-2026070002;"AULA ";;Baik;Aktif;B;5;0;0;60000
115201030101;SN-115201030101;BRG0720260249;"Keset Coklat";Informa;2023-01-01;60000;Beli;UNT-2026070002;"AULA ";;Baik;Aktif;B;5;0;0;60000
115201090001;SN-115201090001;BRG0720260035;Ember;;2023-01-01;35000;Beli;UNT-2026070002;"AULA ";;Baik;Aktif;B;5;0;0;35000
115201100001;SN-115201100001;BRG0720260206;Gayung;;2023-01-01;10000;Beli;UNT-2026070002;"AULA ";;Baik;Aktif;B;5;0;0;10000
116206210201;SN-116206210201;BRG0720260012;Bantal;"Informa Marshmallow";2023-01-01;60000;Beli;UNT-2026070002;"AULA ";;Baik;Aktif;B;5;0;0;60000
116206210202;SN-116206210202;BRG0720260012;Bantal;"Informa Marshmallow";2023-01-01;60000;Beli;UNT-2026070002;"AULA ";;Baik;Aktif;B;5;0;0;60000
116201030101;SN-116201030101;BRG0720260249;"Keset Coklat";Informa;2023-01-01;60000;Beli;UNT-2026070002;"AULA ";;Baik;Aktif;B;5;0;0;60000
116201090001;SN-116201090001;BRG0720260035;Ember;;2023-01-01;35000;Beli;UNT-2026070002;"AULA ";;Baik;Aktif;B;5;0;0;35000
116201100001;SN-116201100001;BRG0720260206;Gayung;;2023-01-01;10000;Beli;UNT-2026070002;"AULA ";;Baik;Aktif;B;5;0;0;10000
117206210201;SN-117206210201;BRG0720260012;Bantal;"Informa Marshmallow";2023-01-01;60000;Beli;UNT-2026070002;"AULA ";;Baik;Aktif;B;5;0;0;60000
117201030101;SN-117201030101;BRG0720260249;"Keset Coklat";Informa;2023-01-01;60000;Beli;UNT-2026070002;"AULA ";;Baik;Aktif;B;5;0;0;60000
117201090001;SN-117201090001;BRG0720260035;Ember;;2023-01-01;35000;Beli;UNT-2026070002;"AULA ";;Baik;Aktif;B;5;0;0;35000
117201100001;SN-117201100001;BRG0720260206;Gayung;;2023-01-01;10000;Beli;UNT-2026070002;"AULA ";;Baik;Aktif;B;5;0;0;10000
118206210201;SN-118206210201;BRG0720260012;Bantal;"Informa Marshmallow";2023-01-01;60000;Beli;UNT-2026070002;"AULA ";;Baik;Aktif;B;5;0;0;60000
118206210202;SN-118206210202;BRG0720260012;Bantal;"Informa Marshmallow";2023-01-01;60000;Beli;UNT-2026070002;"AULA ";;Baik;Aktif;B;5;0;0;60000
118201030101;SN-118201030101;BRG0720260249;"Keset Coklat";Informa;2023-01-01;60000;Beli;UNT-2026070002;"AULA ";;Baik;Aktif;B;5;0;0;60000
118201090001;SN-118201090001;BRG0720260035;Ember;;2023-01-01;35000;Beli;UNT-2026070002;"AULA ";;Baik;Aktif;B;5;0;0;35000
118201100001;SN-118201100001;BRG0720260206;Gayung;;2023-01-01;10000;Beli;UNT-2026070002;"AULA ";;Baik;Aktif;B;5;0;0;10000
119206210201;SN-119206210201;BRG0720260012;Bantal;"Informa Marshmallow";2023-01-01;60000;Beli;UNT-2026070002;"AULA ";;Baik;Aktif;B;5;0;0;60000
119206210202;SN-119206210202;BRG0720260012;Bantal;"Informa Marshmallow";2023-01-01;60000;Beli;UNT-2026070002;"AULA ";;Baik;Aktif;B;5;0;0;60000
119201030101;SN-119201030101;BRG0720260249;"Keset Coklat";Informa;2023-01-01;60000;Beli;UNT-2026070002;"AULA ";;Baik;Aktif;B;5;0;0;60000
119201090001;SN-119201090001;BRG0720260035;Ember;;2023-01-01;35000;Beli;UNT-2026070002;"AULA ";;Baik;Aktif;B;5;0;0;35000
119201100001;SN-119201100001;BRG0720260206;Gayung;;2023-01-01;10000;Beli;UNT-2026070002;"AULA ";;Baik;Aktif;B;5;0;0;10000
120206210201;SN-120206210201;BRG0720260012;Bantal;"Informa Marshmallow";2023-01-01;60000;Beli;UNT-2026070002;"AULA ";;Baik;Aktif;B;5;0;0;60000
120206210202;SN-120206210202;BRG0720260012;Bantal;"Informa Marshmallow";2023-01-01;60000;Beli;UNT-2026070002;"AULA ";;Baik;Aktif;B;5;0;0;60000
120201030101;SN-120201030101;BRG0720260249;"Keset Coklat";Informa;2023-01-01;60000;Beli;UNT-2026070002;"AULA ";;Baik;Aktif;B;5;0;0;60000
120201090001;SN-120201090001;BRG0720260035;Ember;;2023-01-01;35000;Beli;UNT-2026070002;"AULA ";;Baik;Aktif;B;5;0;0;35000
120201100001;SN-120201100001;BRG0720260206;Gayung;;2023-01-01;10000;Beli;UNT-2026070002;"AULA ";;Baik;Aktif;B;5;0;0;10000
